{"stats":{"minecraft:custom":{"minecraft:time_since_rest":14272,"minecraft:sprint_one_cm":56425,"minecraft:damage_taken":10,"minecraft:walk_one_cm":45539,"minecraft:trigger_trapped_chest":1,"minecraft:mob_kills":2,"minecraft:drop":7,"minecraft:damage_dealt":499,"minecraft:fly_one_cm":1546153,"minecraft:open_chest":9,"minecraft:crouch_one_cm":861,"minecraft:deaths":1,"minecraft:play_time":57852,"minecraft:bell_ring":4,"minecraft:sneak_time":1194,"minecraft:leave_game":1,"minecraft:jump":297,"minecraft:walk_on_water_one_cm":748,"minecraft:time_since_death":16575,"minecraft:climb_one_cm":1922,"minecraft:total_world_time":57852,"minecraft:fall_one_cm":604},"minecraft:picked_up":{"alexscaves:spawn_egg_luxtructosaurus":1,"minecraft:iron_chestplate":2,"iceandfire:copper_sword":1,"minecraft:water_bucket":1,"minecraft:copper_ingot":6,"minecraft:leather":6,"lets_forge_bronze_and_iron:spartan_hoplita_helmet":1,"minecraft:spyglass":1,"iceandfire:stymphalian_bird_feather":6,"iceandfire:ectoplasm":4,"mca:book_romance":1,"alexscaves:spawn_egg_watcher":1,"alexscaves:spawn_egg_corrodent":1,"iceandfire:manuscript":24,"woodenbucket:wooden_bucket":1,"minecraft:moss_carpet":2,"iceandfire:silver_ingot":4,"minecraft:red_carpet":1,"tombstone:impregnated_diamond":2,"lets_forge_bronze_and_iron:spartan_hoplita_chestplate":1,"lets_forge_bronze_and_iron:spartan_hoplita_leggings":1,"minecraft:diamond":1,"iceandfire:graveyard_soil":8,"minecraft:gold_nugget":52,"monsters_and_girls:warped_mushroom_gal_spawn_egg":1,"alexscaves:spawn_egg_atlatitan":1,"minecraft:iron_ingot":4,"minecraft:ender_eye":1,"minecraft:cobweb":6,"minecraft:gold_ingot":2,"minecraft:poppy":1,"alexscaves:spawn_egg_vesper":1,"lets_forge_bronze_and_iron:spartan_hoplita_boots":1,"minecraft:skeleton_skull":2,"minecraft:ender_pearl":1},"minecraft:killed":{"minecraft:horse":2},"minecraft:used":{"fromtheshadows:froglin_spawn_egg":6,"alexscaves:spawn_egg_trilocaris":1,"minecraft:water_bucket":9,"fromtheshadows:cleric_spawn_egg":1,"alexscaves:spawn_egg_watcher":1,"alexscaves:spawn_egg_tremorsaurus":1,"monsters_and_girls:ender_mushroom_gal_spawn_egg":1,"monsters_and_girls:poofed_endershroom_spawn_egg":1,"minecraft:poppy":25,"fromtheshadows:bulldrogioth_spawn_egg":3,"alexscaves:spawn_egg_forsaken":1,"lets_forge_bronze_and_iron:sasanian_katafrakt_white_horse_spawn_egg":1,"monsters_and_girls:ink_cap_spawn_egg":1,"alexscaves:spawn_egg_vallumraptor":1,"alexscaves:spawn_egg_grottoceratops":1,"monsters_and_girls:infernal_mushroom_gal_spawn_egg":1,"alexscaves:spawn_egg_subterranodon":1,"lets_forge_bronze_and_iron:white_war_horse_spawn_egg":1,"alexscaves:subterranodon_egg":1,"fromtheshadows:nehemoth_spawn_egg":1,"monsters_and_girls:brown_mushroom_gal_spawn_egg":1,"minecraft:spyglass":16,"lets_forge_bronze_and_iron:horsearmorstand":1,"iceandfire:copper_sword":12,"alexscaves:spawn_egg_vesper":1,"alexscaves:spawn_egg_gloomoth":1,"monsters_and_girls:spook_spawn_egg":1,"alexsmobs:animal_dictionary":1,"alexscaves:spawn_egg_corrodent":1,"alexscaves:spawn_egg_underzealot":1,"beansbackpacks:backpack":1,"monsters_and_girls:red_mushrom_gal_spawn_egg":1,"monsters_and_girls:molten_mushroom_gal_spawn_egg":1},"minecraft:dropped":{"tombstone:grave_key":1,"minecraft:diamond":3,"minecraft:ender_pearl":1,"tombstone:impregnated_diamond":1,"minecraft:ender_eye":1}},"DataVersion":3465}