{"stats":{"minecraft:custom":{"minecraft:jump":14,"minecraft:time_since_rest":7404,"minecraft:damage_dealt":43,"minecraft:crouch_one_cm":25,"minecraft:leave_game":1,"minecraft:play_time":7404,"minecraft:time_since_death":7404,"minecraft:walk_one_cm":12009,"minecraft:sneak_time":241,"minecraft:total_world_time":7404,"minecraft:fly_one_cm":76230},"minecraft:used":{"iceandfire:spawn_egg_hydra":2,"alexsmobs:animal_dictionary":1,"alexsmobs:spawn_egg_comb_jelly":1,"iceandfire:spawn_egg_lightning_dragon":3,"alexsmobs:spawn_egg_triops":1,"iceandfire:spawn_egg_ghost":1,"alexscaves:spawn_egg_tremorzilla":1},"minecraft:picked_up":{"minecraft:stick":3,"minecraft:oak_log":1,"minecraft:oak_sapling":1,"iceandfire:ash":5,"minecraft:dark_oak_log":17}},"DataVersion":3465}