{"stat.chestOpened":3,"stat.walkOneCm":16657,"stat.pickup.harvestcraft.tomatoitem":1,"stat.useItem.harvestcraft.garlicitem":1,"stat.leaveGame":2,"stat.mineBlock.minecraft.ice":1,"stat.craftItem.minecraft.crafting_table":1,"stat.useItem.harvestcraft.tealeafitem":1,"stat.pickup.minecraft.log":15,"stat.pickup.harvestcraft.blackberryitem":1,"stat.jump":151,"stat.swimOneCm":3243,"stat.fallOneCm":4251,"stat.useItem.harvestcraft.scallionitem":1,"stat.crouchOneCm":318,"stat.pickup.minecraft.chicken":1,"stat.mineBlock.harvestcraft.shadedgarden":3,"stat.killEntity.Squid":1,"stat.pickup.minecraft.sapling":4,"stat.sprintOneCm":19759,"stat.pickup.harvestcraft.calamarirawitem":2,"stat.craftItem.minecraft.stick":12,"stat.useItem.harvestcraft.blackberryitem":1,"stat.craftItem.minecraft.planks":60,"stat.killEntity.Chicken":1,"stat.pickup.minecraft.feather":1,"stat.mobKills":2,"stat.mineBlock.minecraft.log":15,"stat.pickup.minecraft.dye":3,"stat.pickup.overlast.dumpling":27,"stat.flyOneCm":22234,"stat.pickup.harvestcraft.radishitem":1,"stat.playOneMinute":7442,"stat.pickup.harvestcraft.scallionitem":1,"stat.sneakTime":74,"stat.pickup.harvestcraft.tealeafitem":2,"stat.damageDealt":140,"stat.timeSinceDeath":7442,"stat.mineBlock.minecraft.tallgrass":1,"stat.diveOneCm":6665,"stat.pickup.harvestcraft.garlicitem":1}