{"stat.walkOneCm":6483,"stat.craftItem.minecraft.planks":24,"stat.killEntity.Chicken":1,"stat.leaveGame":2,"stat.pickup.minecraft.feather":1,"stat.mineBlock.minecraft.ice":1,"stat.craftItem.minecraft.crafting_table":1,"stat.mobKills":2,"stat.mineBlock.minecraft.log":6,"stat.pickup.minecraft.dye":3,"stat.pickup.minecraft.log":6,"stat.flyOneCm":8072,"stat.jump":63,"stat.swimOneCm":3236,"stat.playOneMinute":3854,"stat.fallOneCm":1941,"stat.sneakTime":46,"stat.damageDealt":140,"stat.crouchOneCm":94,"stat.pickup.minecraft.chicken":1,"stat.timeSinceDeath":3854,"stat.killEntity.Squid":1,"stat.pickup.minecraft.sapling":1,"stat.sprintOneCm":6831,"stat.pickup.harvestcraft.calamarirawitem":2,"stat.mineBlock.minecraft.tallgrass":1,"stat.diveOneCm":6665}