{"stat.chestOpened":3,"stat.pickup.techguns.itemshared":1,"stat.walkOneCm":6784,"stat.craftItem.minecraft.planks":16,"stat.leaveGame":1,"stat.damageTaken":280,"stat.pickup.minecraft.leather":1,"stat.craftItem.minecraft.crafting_table":1,"stat.killEntity.techguns.ZombieMiner":1,"stat.mobKills":3,"stat.mineBlock.minecraft.log":9,"stat.entityKilledBy.techguns.ZombieSoldier":1,"stat.pickup.minecraft.log":9,"stat.flyOneCm":19616,"stat.deaths":1,"tombstone:undead_killed":3,"stat.jump":99,"stat.mineBlock.minecraft.leaves":1,"stat.swimOneCm":626,"stat.playOneMinute":5667,"stat.fallOneCm":2268,"stat.killEntity.techguns.ZombieFarmer":2,"stat.damageDealt":664,"stat.timeSinceDeath":791,"stat.pickup.minecraft.sapling":5,"stat.useItem.minecraft.wooden_axe":14,"stat.sprintOneCm":11571,"stat.useItem.minecraft.stone_slab2":1,"stat.pickup.minecraft.apple":2,"stat.diveOneCm":1536,"stat.craftItem.minecraft.stick":4,"stat.craftItem.minecraft.wooden_axe":1,"stat.craftingTableInteraction":1}