{"stat.chestOpened":3,"stat.pickup.techguns.itemshared":1,"stat.walkOneCm":14723,"stat.pickup.harvestcraft.whitemushroomitem":1,"stat.leaveGame":2,"stat.craftItem.minecraft.crafting_table":1,"stat.pickup.minecraft.log":24,"stat.pickup.harvestcraft.blackberryitem":1,"stat.jump":126,"stat.swimOneCm":626,"stat.fallOneCm":2268,"stat.crouchOneCm":9,"stat.pickup.minecraft.sapling":7,"stat.sprintOneCm":19382,"stat.useItem.minecraft.stone_slab2":1,"stat.pickup.minecraft.apple":3,"stat.craftItem.minecraft.stick":4,"stat.craftItem.minecraft.wooden_axe":1,"stat.craftingTableInteraction":1,"stat.drop.overlast.dumpling":7,"stat.craftItem.minecraft.planks":16,"stat.damageTaken":280,"stat.pickup.minecraft.leather":1,"stat.killEntity.techguns.ZombieMiner":1,"stat.mobKills":3,"stat.mineBlock.minecraft.log":24,"stat.entityKilledBy.techguns.ZombieSoldier":1,"stat.flyOneCm":29345,"stat.deaths":1,"tombstone:undead_killed":3,"stat.drop":7,"stat.mineBlock.minecraft.leaves":1,"stat.playOneMinute":10715,"stat.sneakTime":9,"stat.killEntity.techguns.ZombieFarmer":2,"stat.useItem.overlast.dumpling":3,"stat.damageDealt":664,"stat.timeSinceDeath":5839,"stat.useItem.minecraft.wooden_axe":17,"stat.diveOneCm":1536}